label,trend,seasonal,hike_effect,covid_main_effect,covid_wave1_effect,covid_2021_effect,fitted,residual
2002-04-01,12.327667791708684,-0.03517806918962526,-0.0,0.0,0.0,0.0,12.29248972251906,0.003062501483860558
2002-05-01,12.328828808974201,-0.08168146881463723,-0.0,0.0,0.0,0.0,12.247147340159565,-0.0004943292991175241
2002-06-01,12.330160448189863,-0.0379762137447114,-0.0,0.0,0.0,0.0,12.292184234445152,0.0029655695447470265
2002-07-01,12.330468498274133,0.1700543385733877,-0.0,0.0,0.0,0.0,12.500522836847521,0.01216648474821369
2002-08-01,12.326577191428342,-0.04694168895188936,-0.0,0.0,0.0,0.0,12.279635502476452,0.011008044503991954
2002-09-01,12.31888637415765,-0.04377886228913364,-0.0,0.0,0.0,0.0,12.275107511868516,-0.004666672205591027
2002-10-01,12.312806301182912,-0.03731198359777537,-0.0,0.0,0.0,0.0,12.275494317585137,-0.012290203022466528
2002-11-01,12.31096829655393,0.03759022621616109,-0.0,0.0,0.0,0.0,12.348558522770091,0.006649389259315797
2002-12-01,12.306835211994278,0.4056616364796263,-0.0,0.0,0.0,0.0,12.712496848473904,0.005081189727016877
2003-01-01,12.300948325722825,-0.19211737928911646,-0.0,0.0,0.0,0.0,12.108830946433708,-0.010109685916141586
2003-02-01,12.29855089039465,-0.12087664318321945,-0.0,0.0,0.0,0.0,12.17767424721143,-0.00023772971759150607
2003-03-01,12.296235523894207,-0.016796712811885217,-0.0,0.0,0.0,0.0,12.279438811082322,-0.007344370010150314
2003-04-01,12.296455140368948,-0.03657689152122412,-0.0,0.0,0.0,0.0,12.259878248847723,-0.01291801094888001
2003-05-01,12.301133526448213,-0.08019866696980968,-0.0,0.0,0.0,0.0,12.220934859478403,0.010308333193714603
2003-06-01,12.302253925844951,-0.03676300045277051,-0.0,0.0,0.0,0.0,12.26549092539218,-0.013479796920842446
2003-07-01,12.308026999312258,0.1678651603969416,-0.0,0.0,0.0,0.0,12.475892159709199,-0.0018517479238475687
2003-08-01,12.314439233159456,-0.05000932340093394,-0.0,0.0,0.0,0.0,12.264429909758523,-0.006244056061985859
2003-09-01,12.323006665941017,-0.04207745523347082,-0.0,0.0,0.0,0.0,12.280929210707546,0.013703611802107218
2003-10-01,12.3268442012046,-0.03169856395216782,-0.0,0.0,0.0,0.0,12.295145637252432,0.013113492021499695
2003-11-01,12.326155522980612,0.03325644208130426,-0.0,0.0,0.0,0.0,12.359411965061916,-0.013994855592928346
2003-12-01,12.330297291752041,0.40278284103744894,-0.0,0.0,0.0,0.0,12.73308013278949,0.007791466084785981
2004-01-01,12.331749786478008,-0.18682100686663441,-0.0,0.0,0.0,0.0,12.144928779611375,-0.0024777423785256047
2004-02-01,12.334057505547314,-0.12446462441358759,-0.0,0.0,0.0,0.0,12.209592881133727,0.006162732778781432
2004-03-01,12.334238120889845,-0.015825574192836818,-0.0,0.0,0.0,0.0,12.318412546697008,0.009005670006319022
2004-04-01,12.331310370910936,-0.031889592072330414,-0.0,0.0,0.0,0.0,12.299420778838606,0.0034473065872049347
2004-05-01,12.327192769976085,-0.08865114165261946,-0.0,0.0,0.0,0.0,12.238541628323466,-0.01760500114474972
2004-06-01,12.32915168968336,-0.02806550623276822,-0.0,0.0,0.0,0.0,12.301086183450593,-0.004478376757173663
2004-07-01,12.332656372326065,0.16229049975527748,-0.0,0.0,0.0,0.0,12.494946872081343,-0.0009396859721473305
2004-08-01,12.336485410547665,-0.04793334205762642,-0.0,0.0,0.0,0.0,12.288552068490038,0.0039551210269266335
2004-09-01,12.338949322708912,-0.044716171145045155,-0.0,0.0,0.0,0.0,12.294233151563866,-0.0017351340447913088
2004-10-01,12.342012145089269,-0.03168907651498927,-0.0,0.0,0.0,0.0,12.310323068574279,-0.0017344492621838015
2004-11-01,12.345673641091222,0.03925526440053676,-0.0,0.0,0.0,0.0,12.384928905491758,0.005874891426168816
2004-12-01,12.347307386443084,0.39312994971898285,-0.0,0.0,0.0,0.0,12.740437336162067,-0.0012131551429366283
2005-01-01,12.3493598764027,-0.17752856857742608,-0.0,0.0,0.0,0.0,12.171831307825274,0.008384923159672653
2005-02-01,12.34851825870558,-0.12927776328789073,-0.0,0.0,0.0,0.0,12.21924049541769,-0.01155415259762016
2005-03-01,12.351664663238235,-0.016629830203532,-0.0,0.0,0.0,0.0,12.335034833034703,0.0009821543388373044
2005-04-01,12.354472084674365,-0.030476531539944732,-0.0,0.0,0.0,0.0,12.32399555313442,0.005683141354925425
2005-05-01,12.355317940157866,-0.08988079512148496,-0.0,0.0,0.0,0.0,12.265437145036381,-0.008310233683708645
2005-06-01,12.35903215367108,-0.02139417040707065,-0.0,0.0,0.0,0.0,12.33763798326401,-0.0021084847834007547
2005-07-01,12.363474142317907,0.15700241872134102,-0.0,0.0,0.0,0.0,12.520476561039247,-0.011097048410162458
2005-08-01,12.371746378989169,-0.04809423606807344,-0.0,0.0,0.0,0.0,12.323652142921095,0.014062611660794033
2005-09-01,12.37516480716139,-0.046152256121183656,-0.0,0.0,0.0,0.0,12.329012551040206,0.002220296263178767
2005-10-01,12.377816894912751,-0.030071699132817205,-0.0,0.0,0.0,0.0,12.347745195779934,0.001050221930904982
2005-11-01,12.380106502490525,0.04214817925310352,-0.0,0.0,0.0,0.0,12.42225468174363,-0.0009658233820264428
2005-12-01,12.382729483790808,0.387003233422032,-0.0,0.0,0.0,0.0,12.76973271721284,0.002545385185849014
2006-01-01,12.384473917410787,-0.17447803340553322,-0.0,0.0,0.0,0.0,12.209995884005254,0.0046598214553927875
2006-02-01,12.384609989155171,-0.1272280814564133,-0.0,0.0,0.0,0.0,12.257381907698758,-0.004931529382687927
2006-03-01,12.386448229888549,-0.019089875656125563,-0.0,0.0,0.0,0.0,12.367358354232422,0.005541427133056942
2006-04-01,12.386373816302267,-0.03301403430654687,-0.0,0.0,0.0,0.0,12.35335978199572,-0.0029876781172379907
2006-05-01,12.387330636890743,-0.0868427386135055,-0.0,0.0,0.0,0.0,12.300487898277238,-0.0011389580673615285
2006-06-01,12.388680591727738,-0.017932908880454786,-0.0,0.0,0.0,0.0,12.370747682847282,0.0027147602189536713
2006-07-01,12.389093539844783,0.15893066948149992,-0.0,0.0,0.0,0.0,12.548024209326282,-0.02429451357990864
2006-08-01,12.397891945305007,-0.056074527490867075,-0.0,0.0,0.0,0.0,12.34181741781414,-4.3236125238266254e-05
2006-09-01,12.406705286849368,-0.04533304274869328,-0.0,0.0,0.0,0.0,12.361372244100675,0.018237655628366767
2006-10-01,12.409223768856428,-0.02863309553808045,-0.0,0.0,0.0,0.0,12.380590673318348,0.009635183834749483
2006-11-01,12.40841660212571,0.04620913430205615,-0.0,0.0,0.0,0.0,12.454625736427767,-0.009610996374593839
2006-12-01,12.410926758179057,0.38058134591984394,-0.0,0.0,0.0,0.0,12.7915081040989,-0.003200285834596528
2007-01-01,12.414541529706291,-0.17390120944121007,-0.0,0.0,0.0,0.0,12.240640320265081,0.00035535505432271464
2007-02-01,12.418033658857938,-0.1209383343036598,-0.0,0.0,0.0,0.0,12.29709532455428,-0.004464321298875973
2007-03-01,12.423066694521513,-0.025565508674545136,-0.0,0.0,0.0,0.0,12.397501185846968,0.0040107679972951615
2007-04-01,12.426715392086768,-0.03335845577761476,-0.0,0.0,0.0,0.0,12.393356936309154,-0.00772487852975523
2007-05-01,12.43303040196598,-0.0833809782944938,-0.0,0.0,0.0,0.0,12.349649423671485,-0.00782285716369202
2007-06-01,12.442045541094904,-0.020993731577506593,-0.0,0.0,0.0,0.0,12.421051809517397,-0.0032646763127957
2007-07-01,12.452187515530094,0.17169149382054266,-0.0,0.0,0.0,0.0,12.623879009350636,0.048038630276414196
2007-08-01,12.445748582739622,-0.06531650340240579,-0.0,0.0,0.0,0.0,12.380432079337217,-0.011335381905071884
2007-09-01,12.443222153056098,-0.050194923444677284,-0.0,0.0,0.0,0.0,12.393027229611421,-0.018368596457733588
2007-10-01,12.447035797214665,-0.02944376066453391,-0.0,0.0,0.0,0.0,12.41759203655013,-0.0035869441944527125
2007-11-01,12.452087511078185,0.055692000548821355,-0.0,0.0,0.0,0.0,12.507779511627007,0.03512958990273418
2007-12-01,12.445013977205043,0.3735561142999717,-0.0,0.0,0.0,0.0,12.818570091505014,-0.02183159657187872
2008-01-01,12.445475800313913,-0.17509428919530476,-0.0,0.0,0.0,0.0,12.270381511118607,-0.029554844035136085
2008-02-01,12.456138720585875,-0.11183908698773891,-0.0,0.0,0.0,0.0,12.344299633598135,-0.0014521112299856753
2008-03-01,12.467302856088681,-0.03631215083224669,-0.0,0.0,0.0,0.0,12.430990705256434,-0.02243037961730643
2008-04-01,12.486209018825129,-0.031243561251177172,-0.0,0.0,0.0,0.0,12.454965457573952,0.014259603289668021
2008-05-01,12.500193367528192,-0.07893526074168221,-0.0,0.0,0.0,0.0,12.42125810678651,0.025393211139231653
2008-06-01,12.505413046435173,-0.014176197494701746,-0.0,0.0,0.0,0.0,12.49123684894047,0.010936086213604312
2008-07-01,12.506858045214024,0.16106356853090087,-0.0,0.0,0.0,0.0,12.667921613744925,0.0039960258821256645
2008-08-01,12.506923780560918,-0.06349762398510808,-0.0,0.0,0.0,0.0,12.443426156575809,-0.0007055560443323117
2008-09-01,12.507233041113425,-0.050446803972530804,-0.0,0.0,0.0,0.0,12.456786237140895,0.01907305867240794
2008-10-01,12.500959082785801,-0.02519641603051225,-0.0,0.0,0.0,0.0,12.475762666755289,0.016488421341630755
2008-11-01,12.488994015914741,0.04495588899279617,-0.0,0.0,0.0,0.0,12.533949904907537,-0.01874685571971213
2008-12-01,12.48349957787903,0.3769360301896357,-0.0,0.0,0.0,0.0,12.860435608068666,0.017049725875446953
2009-01-01,12.47212029882789,-0.16871648729083702,-0.0,0.0,0.0,0.0,12.303403811537054,-0.005618358083680164
2009-02-01,12.462680250307466,-0.11311182248786497,-0.0,0.0,0.0,0.0,12.349568427819602,-0.006093142620551717
2009-03-01,12.455343311245073,-0.034872120001955366,-0.0,0.0,0.0,0.0,12.420471191243118,-0.0010346598160762
2009-04-01,12.44836350917412,-0.034529336566344444,-0.0,0.0,0.0,0.0,12.413834172607777,-0.017959684180560487
2009-05-01,12.44758265214746,-0.07989747363335076,-0.0,0.0,0.0,0.0,12.36768517851411,-0.01073434477834212
2009-06-01,12.450506858220955,-0.005770128889304754,-0.0,0.0,0.0,0.0,12.44473672933165,0.010178402858763036
2009-07-01,12.449917927658678,0.15090868696463208,-0.0,0.0,0.0,0.0,12.60082661462331,-0.008193091960006171
2009-08-01,12.452156927369936,-0.056505496819236285,-0.0,0.0,0.0,0.0,12.3956514305507,0.00028509017882427656
2009-09-01,12.454297546017685,-0.05542457150986422,-0.0,0.0,0.0,0.0,12.398872974507821,0.0021947451189898715
2009-10-01,12.45568065118292,-0.02784892808218395,-0.0,0.0,0.0,0.0,12.427831723100736,-0.008100365467567983
2009-11-01,12.459859681596148,0.0492304984790744,-0.0,0.0,0.0,0.0,12.509090180075223,-0.0020022457933883686
2009-12-01,12.464729822673121,0.3679609718175268,-0.0,0.0,0.0,0.0,12.832690794490647,-0.001980028371718845
2010-01-01,12.470283405144173,-0.15764871340848788,-0.0,0.0,0.0,0.0,12.312634691735685,0.0067532461546644384
2010-02-01,12.473506069586142,-0.11321524700437863,-0.0,0.0,0.0,0.0,12.360290822581764,0.002067365191523507
2010-03-01,12.4760151844305,-0.038077727057060695,-0.0,0.0,0.0,0.0,12.437937457373438,0.014397431170573682
2010-04-01,12.473554930222427,-0.032711565663958796,-0.0,0.0,0.0,0.0,12.440843364558468,-0.003349522147995998
2010-05-01,12.472250808984725,-0.07796721164554857,-0.0,0.0,0.0,0.0,12.394283597339177,-0.00728620343120312
2010-06-01,12.47346159826276,-0.005665754988463329,-0.0,0.0,0.0,0.0,12.467795843274297,-0.008519998758597325
2010-07-01,12.477613152515888,0.146427780689304,-0.0,0.0,0.0,0.0,12.624040933205192,0.004760279054893957
2010-08-01,12.480121678726029,-0.050901455665794154,-0.0,0.0,0.0,0.0,12.429220223060234,0.005624106092984249
2010-09-01,12.480689020106274,-0.0629814962616292,-0.0,0.0,0.0,0.0,12.417707523844644,-0.014100459466689585
2010-10-01,12.486123266259916,-0.027037160709377037,-0.0,0.0,0.0,0.0,12.45908610555054,-0.006555806800804476
2010-11-01,12.493820319993281,0.052221125319850216,-0.0,0.0,0.0,0.0,12.546041445313131,0.007033514739992697
2010-12-01,12.4990897184069,0.3608267669815018,-0.0,0.0,0.0,0.0,12.859916485388402,0.008506447341572354
2011-01-01,12.501423066349169,-0.14941672622081933,-0.0,0.0,0.0,0.0,12.35200634012835,0.013183204551184602
2011-02-01,12.499206144207138,-0.10972279725192452,-0.0,0.0,0.0,0.0,12.389483346955213,5.1870829786082595e-05
2011-03-01,12.496971336482465,-0.047639323593503195,-0.0,0.0,0.0,0.0,12.449332012888963,-0.03218030014563844
2011-04-01,12.505843832080231,-0.027975355839064835,-0.0,0.0,0.0,0.0,12.477868476241166,0.0014018475398138719
2011-05-01,12.514232486379308,-0.07546576557416562,-0.0,0.0,0.0,0.0,12.438766720805143,0.005566633843093527
2011-06-01,12.520699788840135,-0.0024942122534370456,-0.0,0.0,0.0,0.0,12.518205576586698,0.005283899029528527
2011-07-01,12.525343326405833,0.13932298307211627,-0.0,0.0,0.0,0.0,12.66466630947795,0.00022893995089745545
2011-08-01,12.52990785732321,-0.049648231509680174,-0.0,0.0,0.0,0.0,12.48025962581353,0.010473030336102696
2011-09-01,12.530857552458164,-0.06477578667483544,-0.0,0.0,0.0,0.0,12.46608176578333,-0.003991878665186022
2011-10-01,12.533185089424437,-0.02494801104655901,-0.0,0.0,0.0,0.0,12.508237078377878,-0.003505329057349016
2011-11-01,12.536722531762635,0.05265127102094249,-0.0,0.0,0.0,0.0,12.589373802783577,-0.014171595065835874
2011-12-01,12.545151424809355,0.3543696064797973,-0.0,0.0,0.0,0.0,12.899521031289153,0.0029734273346235796
2012-01-01,12.552554027304643,-0.14494801216604333,-0.0,0.0,0.0,0.0,12.4076060151386,0.016199570713471445
2012-02-01,12.554365230235213,-0.11026680867502656,-0.0,0.0,0.0,0.0,12.444098421560186,-0.0036297716947579772
2012-03-01,12.557429287406181,-0.04329278937434913,-0.0,0.0,0.0,0.0,12.514136498031831,-0.0034140496323100678
2012-04-01,12.56167174040943,-0.029455734089724725,-0.0,0.0,0.0,0.0,12.532216006319706,0.0040125411516225284
2012-05-01,12.56452924237756,-0.07390418648750575,-0.0,0.0,0.0,0.0,12.490625055890055,0.0007129943012120776
2012-06-01,12.567140657709219,-0.00033115400057268026,-0.0,0.0,0.0,0.0,12.566809503708646,0.008731401203220912
2012-07-01,12.566738370005696,0.13545123845477508,-0.0,0.0,0.0,0.0,12.702189608460472,-0.0011006503710717652
2012-08-01,12.566715990039125,-0.0536166065632775,-0.0,0.0,0.0,0.0,12.513099383475847,-0.004872395816420294
2012-09-01,12.568375366088288,-0.06341047830234088,-0.0,0.0,0.0,0.0,12.504964887785947,-0.009425513251276385
2012-10-01,12.573288042650708,-0.025215716564210233,-0.0,0.0,0.0,0.0,12.548072326086498,0.001756676613073438
2012-11-01,12.57759439807081,0.05895860338207403,-0.0,0.0,0.0,0.0,12.636553001452883,0.021925588353873593
2012-12-01,12.574332973038358,0.3470842936404716,-0.0,0.0,0.0,0.0,12.921417266678828,0.00034163529297615014
2013-01-01,12.570953640481074,-0.14746470839691303,-0.0,0.0,0.0,0.0,12.42348893208416,-0.017197511374243746
2013-02-01,12.573510176580262,-0.10657482125570172,-0.0,0.0,0.0,0.0,12.46693535532456,0.006638338778257591
2013-03-01,12.573775449851645,-0.037422427102570544,-0.0,0.0,0.0,0.0,12.536353022749074,-0.01772765924506281
2013-04-01,12.580159576950626,-0.03320280031583228,-0.0,0.0,0.0,0.0,12.546956776634794,0.011707487396476424
2013-05-01,12.582502784029806,-0.0699508546048405,-0.0,0.0,0.0,0.0,12.512551929424966,0.007327302316660678
2013-06-01,12.582316926428657,-0.0019403221505210927,-0.0,0.0,0.0,0.0,12.580376604278136,-0.005665365507828923
2013-07-01,12.58408652644677,0.13286018065111346,-0.0,0.0,0.0,0.0,12.716946707097883,0.0049391037093204915
2013-08-01,12.584151368150678,-0.057750104101160805,-0.0,0.0,0.0,0.0,12.526401264049518,-0.0034251793917725593
2013-09-01,12.585398450332836,-0.05871992527412594,-0.0,0.0,0.0,0.0,12.52667852505871,-0.005364575460278687
2013-10-01,12.588497171094899,-0.023584314023540456,-0.0,0.0,0.0,0.0,12.564912857071358,-0.007419547184927211
2013-11-01,12.594156819861427,0.05644256242721049,-0.0,0.0,0.0,0.0,12.650599382288638,0.007879207518119102
2013-12-01,12.597096909992883,0.34065374458734,-0.0,0.0,0.0,0.0,12.937750654580224,0.002402359847888391
2014-01-01,12.599207818388896,-0.14123788380298716,-0.0,0.0,0.0,0.0,12.45796993458591,-0.0024701962280104794
2014-02-01,12.60217134618157,-0.11306903071163661,-0.0,0.0,0.0,0.0,12.489102315469934,-0.0018021332591118266
2014-03-01,12.605756905965293,-0.020182603442680875,-0.0,0.0,0.0,0.0,12.585574302522613,0.040730545553222086
2014-04-01,12.595284008313605,-0.044095850344460036,-0.0,0.0,0.0,0.0,12.551188157969145,-0.01707515296264006
2014-05-01,12.590704748890836,-0.06781754515164747,-0.0,0.0,0.0,0.0,12.522887203739188,-0.004152109696692108
2014-06-01,12.58755863947169,0.0014371459530169947,-0.0,0.0,0.0,0.0,12.588995785424707,-0.002987828050551755
2014-07-01,12.585443820598533,0.1262605743601232,-0.0,0.0,0.0,0.0,12.711704394958655,-0.006309031136133569
2014-08-01,12.585506632899953,-0.06052587020981601,-0.0,0.0,0.0,0.0,12.524980762690138,-0.012291441094403055
2014-09-01,12.589811952896392,-0.05405379613071944,-0.0,0.0,0.0,0.0,12.535758156765672,0.011543252297380846
2014-10-01,12.590133047872925,-0.01828565637540969,-0.0,0.0,0.0,0.0,12.571847391497515,-6.969643305509976e-05
2014-11-01,12.590478219074804,0.04953614259715606,-0.0,0.0,0.0,0.0,12.640014361671959,-0.012688564353009468
2014-12-01,12.595202968670389,0.33435089671959567,-0.0,0.0,0.0,0.0,12.929553865389984,0.008737624284542278
2015-01-01,12.596911878208882,-0.1338401946356683,-0.0,0.0,0.0,0.0,12.463071683573213,-0.001125020506115959
2015-02-01,12.599009117353537,-0.11071625119874944,-0.0,0.0,0.0,0.0,12.488292866154788,0.0021651737505070656
2015-03-01,12.600359049681012,-0.024146665199818642,-0.0,0.0,0.0,0.0,12.576212384481193,-0.0059064315444157245
2015-04-01,12.60374765356987,-0.04004223513525349,-0.0,0.0,0.0,0.0,12.563705418434617,-0.0025911621283896125
2015-05-01,12.60803063734193,-0.06816914168031023,-0.0,0.0,0.0,0.0,12.53986149566162,-0.006699783800792503
2015-06-01,12.61462612353817,0.0038667244571423762,-0.0,0.0,0.0,0.0,12.618492847995311,0.006142095120281965
2015-07-01,12.619101635277998,0.11909859176704514,-0.0,0.0,0.0,0.0,12.738200227045043,-0.0007878189311831818
2015-08-01,12.623849086330287,-0.05700057325828177,-0.0,0.0,0.0,0.0,12.566848513072005,0.008108240303332792
2015-09-01,12.62579793107675,-0.05687859679779576,-0.0,0.0,0.0,0.0,12.568919334278954,0.00035789064478208843
2015-10-01,12.62762326381338,-0.013199573375198292,-0.0,0.0,0.0,0.0,12.614423690438182,-0.006505813990246523
2015-11-01,12.63169414635893,0.0498242528909081,-0.0,0.0,0.0,0.0,12.681518399249837,-0.0027177140525793675
2015-12-01,12.636703085663713,0.3214359742248702,-0.0,0.0,0.0,0.0,12.958139059888584,-0.006673143465167897
2016-01-01,12.644015328548052,-0.1236629977715584,-0.0,0.0,0.0,0.0,12.520352330776493,0.0013008312323403715
2016-02-01,12.650878593405956,-0.11076449014198472,-0.0,0.0,0.0,0.0,12.54011410326397,0.011751491487737908
2016-03-01,12.653685751234383,-0.025704409523305223,-0.0,0.0,0.0,0.0,12.627981341711077,-0.0012824347249047463
2016-04-01,12.656935564142097,-0.03755746467099133,-0.0,0.0,0.0,0.0,12.619378099471106,0.007527626298230672
2016-05-01,12.657587169895354,-0.06493869430996001,-0.0,0.0,0.0,0.0,12.592648475585394,-0.007906544734218812
2016-06-01,12.660967794615663,0.0021180528854510125,-0.0,0.0,0.0,0.0,12.663085847501115,-0.007480173065713913
2016-07-01,12.666930272434966,0.11528101370894622,-0.0,0.0,0.0,0.0,12.782211286143912,-0.0082627755249014
2016-08-01,12.675744723694107,-0.056993058397433724,-0.0,0.0,0.0,0.0,12.618751665296674,-0.006557460502884638
2016-09-01,12.68682254361427,-0.059516028284852945,-0.0,0.0,0.0,0.0,12.627306515329417,-0.01383064106082088
2016-10-01,12.702674125230477,-0.005862510743282639,-0.0,0.0,0.0,0.0,12.696811614487194,0.0051882222670034395
2016-11-01,12.7167349542259,0.048475971273226524,-0.0,0.0,0.0,0.0,12.765210925499128,0.006584536335324742
2016-12-01,12.728523078446866,0.31104201852848623,-0.0,0.0,0.0,0.0,13.039565096975352,0.006325360142481529
2017-01-01,12.738127951884753,-0.1129624183475355,-0.0,0.0,0.0,0.0,12.625165533537217,0.012647319735512141
2017-02-01,12.743367498306622,-0.1157755807257823,-0.0,0.0,0.0,0.0,12.62759191758084,0.004898129032145704
2017-03-01,12.746916411053041,-0.022645999841396123,-0.0,0.0,0.0,0.0,12.724270411211645,-0.0026741945715915705
2017-04-01,12.751388336871615,-0.04019607702613595,-0.0,0.0,0.0,0.0,12.711192259845479,0.007299738789143362
2017-05-01,12.753340693479245,-0.058356537065103235,-0.0,0.0,0.0,0.0,12.694984156414142,0.00033086121479719566
2017-06-01,12.755178843926961,0.00011389632827066417,-0.0,0.0,0.0,0.0,12.755292740255232,0.004788574086465047
2017-07-01,12.755364173620704,0.1119891917832774,-0.0,0.0,0.0,0.0,12.86735336540398,-0.006209308166091887
2017-08-01,12.757692688805795,-0.05888291318281549,-0.0,0.0,0.0,0.0,12.69880977562298,-0.008787450652231854
2017-09-01,12.763054255633643,-0.05659732561090531,-0.0,0.0,0.0,0.0,12.706456930022737,0.008725868694805072
2017-10-01,12.765404013122664,-0.002249511876442165,-0.022569525510986056,0.0,0.0,0.0,12.740584975735235,0.00027490732943569185
2017-11-01,12.767658877103177,0.04677784519182696,-0.022569525510986056,0.0,0.0,0.0,12.791867196784017,-0.001932243243880194
2017-12-01,12.770580662967173,0.30203881333887095,-0.022569525510986056,0.0,0.0,0.0,13.050049950795058,0.00365978329222294
2018-01-01,12.772239238519292,-0.10523540762688749,-0.022569525510986056,0.0,0.0,0.0,12.644434305381418,-0.0019406676226356723
2018-02-01,12.77456764365589,-0.1207492950851044,-0.022569525510986056,0.0,0.0,0.0,12.6312488230598,0.002497158827209134
2018-03-01,12.776034127598997,-0.01587964877076527,-0.022569525510986056,0.0,0.0,0.0,12.737584953317246,-0.0042691915990111795
2018-04-01,12.778974149697293,-0.046415108272595366,-0.022569525510986056,0.0,0.0,0.0,12.70998951591371,-0.01166874469110013
2018-05-01,12.78594172376831,-0.04935966950724184,-0.022569525510986056,0.0,0.0,0.0,12.714012528750082,0.020816027871937592
2018-06-01,12.785724473396614,-0.00515639504982866,-0.022569525510986056,0.0,0.0,0.0,12.757998552835799,-0.0029782506376019313
2018-07-01,12.786535181882059,0.11047666111188571,-0.022569525510986056,0.0,0.0,0.0,12.874442317482957,0.0009176117128184558
2018-08-01,12.78702916205386,-0.05652696425963501,-0.022569525510986056,0.0,0.0,0.0,12.707932672283238,0.00949845501887836
2018-09-01,12.78424466875972,-0.05916549294443842,-0.022569525510986056,0.0,0.0,0.0,12.702509650304295,-0.02885505542958633
2018-10-01,12.791419719585795,0.0026829527035746852,-0.022569525510986056,0.0,0.0,0.0,12.771533146778383,0.02261223384304145
2018-11-01,12.790789972927142,0.04672787071681001,-0.022569525510986056,0.0,0.0,0.0,12.814948318132965,0.006615325266110972
2018-12-01,12.787876888563602,0.2906703714798733,-0.022569525510986056,0.0,0.0,0.0,13.055977734532489,-0.013326619404789852
2019-01-01,12.789563587197568,-0.09538707016473369,-0.022569525510986056,0.0,0.0,0.0,12.671606991521848,0.004453658131989613
2019-02-01,12.7897130661678,-0.12809071848057313,-0.022569525510986056,0.0,0.0,0.0,12.63905282217624,-0.007078655198428763
2019-03-01,12.792305794824946,-0.009247108482512135,-0.022569525510986056,0.0,0.0,0.0,12.760489160831447,0.002836483444960791
2019-04-01,12.793919484878336,-0.044205632963078494,-0.022569525510986056,0.0,0.0,0.0,12.72714432640427,0.013056321261663228
2019-05-01,12.791026678995689,-0.052255903892007086,-0.022569525510986056,0.0,0.0,0.0,12.716201249592695,0.0018233851157116732
2019-06-01,12.78750451499734,-0.004575101126169789,-0.022569525510986056,0.0,0.0,0.0,12.760359888360183,-0.02427977264771819
2019-07-01,12.792362704977137,0.1099541783365189,-0.022569525510986056,0.0,0.0,0.0,12.87974735780267,0.014052808426722407
2019-08-01,12.792370455958146,-0.06408936049643267,-0.022569525510986056,0.0,0.0,0.0,12.705711569950727,-0.006507931337626616
2019-09-01,12.7946244698142,-0.042752389142578444,-0.022569525510986056,0.0,0.0,0.0,12.729302555160636,0.0285524195818585
2019-10-01,12.787023390313662,-0.006641372182664152,-0.022569525510986056,0.0,0.0,0.0,12.757812492620012,-0.009950583086734355
2019-11-01,12.782856834825266,0.04584421629270549,-0.022569525510986056,0.0,0.0,0.0,12.806131525606984,-0.008869677045156621
2019-12-01,12.781751721927277,0.28727353229839414,-0.022569525510986056,0.0,0.0,0.0,13.046455728714685,-0.00999670491291127
2020-01-01,12.784097055106395,-0.09173318027662582,-0.0,0.0,0.0,0.0,12.69236387482977,-0.003374459688419762
2020-02-01,12.787607114237343,-0.1308997852020601,-0.0,0.0,0.0,0.0,12.656707329035283,0.003728519455696855
2020-03-01,12.789830249766469,-0.0025501780124608823,-0.0,0.04859115253833749,0.0,0.0,12.835871224292346,-0.019965074666131954
2020-04-01,12.798944492292414,-0.04652963899035448,-0.0,0.04859115253833749,0.04529807716050918,0.0,12.846304083000906,-0.005757346705170363
2020-05-01,12.810045930668247,-0.05829456975412738,-0.0,0.04859115253833749,0.04529807716050918,0.0,12.845640590612968,0.00575885091942574
2020-06-01,12.819159656075188,0.009622996850545447,-0.0,0.04859115253833749,0.0,0.0,12.877373805464071,0.02116328761689701
2020-07-01,12.820968703921903,0.09698613624331225,-0.0,0.04859115253833749,0.0,0.0,12.966545992703553,0.006233262260785466
2020-08-01,12.820626290151361,-0.05989769746862421,-0.0,0.04859115253833749,0.0,0.0,12.809319745221075,0.007365938815425466
2020-09-01,12.817741463257358,-0.04188497146709264,-0.0,0.04859115253833749,0.0,0.0,12.824447644328602,-0.01036640454131188
2020-10-01,12.81843468263996,-0.007600675758032655,-0.0,0.04859115253833749,0.0,0.0,12.859425159420265,0.004612985633274391
2020-11-01,12.81753569424979,0.044493972923588754,-0.0,0.04859115253833749,0.0,0.0,12.910620819711715,-0.014759125841255383
2020-12-01,12.821730935803025,0.28551429881763096,-0.0,0.04859115253833749,0.0,0.0,13.155836387158994,0.0032098704383987098
2021-01-01,12.824818266166949,-0.08797769987829451,-0.0,0.04859115253833749,0.0,0.02037018810815907,12.805801906935152,-0.0061455430446102355
2021-02-01,12.830026779733746,-0.1402169002711126,-0.0,0.04859115253833749,0.0,0.02037018810815907,12.75877122010913,-0.005421453015047817
2021-03-01,12.837106550280218,0.012156203198144573,-0.0,0.04859115253833749,0.0,0.02037018810815907,12.91822409412486,0.019687459076246583
2021-04-01,12.83739103768624,-0.04942242938875911,-0.0,0.04859115253833749,0.0,0.02037018810815907,12.856929948943979,0.010197894109650107
2021-05-01,12.834155640579642,-0.06351155822848724,-0.0,0.04859115253833749,0.0,0.02037018810815907,12.839605422997652,-0.0023540900646903395
2021-06-01,12.83173277669247,0.01741070156898218,-0.0,0.04859115253833749,0.0,0.02037018810815907,12.918104818907949,0.007654693369154586
2021-07-01,12.826667836919171,0.08741252507347373,-0.0,0.04859115253833749,0.0,0.02037018810815907,12.983041702639142,-0.020100876991172356
2021-08-01,12.828540877011648,-0.05969266180356777,-0.0,0.04859115253833749,0.0,0.02037018810815907,12.837809555854577,-0.00961054900528957
2021-09-01,12.83373107775208,-0.03410478653285585,-0.0,0.04859115253833749,0.0,0.02037018810815907,12.868587631865722,0.0060961318793957275
2021-10-01,12.836817153700087,-0.015819268593066094,-0.0,0.04859115253833749,0.0,0.0,12.869589037645358,-0.015013606314825623
2021-11-01,12.84508529698825,0.05103479368415015,-0.0,0.04859115253833749,0.0,0.0,12.944711243210739,0.002767653662731462
2021-12-01,12.852398163992232,0.2779807677139324,-0.0,0.04859115253833749,0.0,0.0,13.178970084244503,-0.010402741143801464
2022-01-01,12.863301618753232,-0.08209218067295738,-0.0,0.04859115253833749,0.0,0.0,12.829800590618612,0.012076098688972081
2022-02-01,12.870036910219046,-0.14438092250889206,-0.0,0.04859115253833749,0.0,0.0,12.774247140248491,0.006704219883017615
2022-03-01,12.874458183383283,0.019551103371545156,-0.0,0.04859115253833749,0.0,0.0,12.942600439293166,0.02103680685208431
2022-04-01,12.871618432359615,-0.052962381797444454,-0.0,0.04859115253833749,0.0,0.0,12.867247203100508,0.0003761711494636444
2022-05-01,12.868648839698976,-0.0639609199580031,-0.0,0.04859115253833749,0.0,0.0,12.85327907227931,-0.0035331440512393897
2022-06-01,12.866898737800309,0.01721790020368471,-0.0,0.04859115253833749,0.0,0.0,12.93270779054233,-0.005316045819391491
2022-07-01,12.866983510374961,0.08592118180350064,-0.0,0.04859115253833749,0.0,0.0,13.0014958447168,-0.0061865970555530225
