model_id,model_label,model_family,rho,parameter,parameter_group,estimate,std_error,z_value,p_value,percent_conversion,percent_conversion_se
current_five_event,current five-variable model,current_five_event,,obs_error,variance,0.0002341109619547798,3.708878673308839e-05,6.312176336194897,2.751384641630091e-10,,
current_five_event,current five-variable model,current_five_event,,level_noise,variance,7.401868762114502e-05,1.7884438538942753e-05,4.138720232115303,3.4924851952647996e-05,,
current_five_event,current five-variable model,current_five_event,,slope_noise,variance,2.2557076995295782e-11,1.7689956573017713e-08,0.0012751346732926315,0.9989825900069481,,
current_five_event,current five-variable model,current_five_event,,seasonal_noise,variance,5.3641002053270724e-05,1.4074875165581031e-05,3.8111174289094554,0.0001383400268784194,,
current_five_event,current five-variable model,current_five_event,,hike_effect,event,-0.02335148933503511,0.027214488020211442,-0.8580535969551443,0.39086286870848663,-2.3080953206545503,2.658635169567685
current_five_event,current five-variable model,current_five_event,,covid_main_effect,event,0.030466732231971393,0.018647935067185838,1.6337858386037984,0.102303826889623,3.0935592552137967,1.9224819988363022
current_five_event,current five-variable model,current_five_event,,covid_wave1_effect,event,0.05119620831621677,0.01787218820097796,2.864574149538965,0.00417570378966491,5.252938804354352,1.8811003310174372
current_five_event,current five-variable model,current_five_event,,covid_2021_effect,event,0.016179667443964294,0.012626633851806483,1.2813919872753323,0.20005601716767896,1.6311267051238132,1.2832590248521503
current_five_event,current five-variable model,current_five_event,,post_stat_change_effect,event,-0.04529940717668249,0.024642147041797124,-1.8382897845649269,0.06601971559161303,-4.428870782809414,2.355077819120604
reduced_step,reduced step model,reduced_step,,obs_error,variance,0.00024466223577301785,3.953600222518135e-05,6.188340297522218,6.080096287753007e-10,,
reduced_step,reduced step model,reduced_step,,level_noise,variance,7.535270077870066e-05,1.8467915985816603e-05,4.080195125241619,4.4997912175608e-05,,
reduced_step,reduced step model,reduced_step,,slope_noise,variance,1.0573204023197439e-11,1.7848212594597657e-08,0.0005923956792400469,0.9995273366612936,,
reduced_step,reduced step model,reduced_step,,seasonal_noise,variance,5.611101509940605e-05,1.4460877504734354e-05,3.8801943437413002,0.0001043730341851294,,
reduced_step,reduced step model,reduced_step,,hike_effect,event,-0.023994519078019177,0.025831703951863058,-0.9288786803508029,0.352951962881781,-2.3708939281620425,2.5219261651327542
reduced_step,reduced step model,reduced_step,,covid_main_effect,event,0.04000951015616727,0.01204146475524184,3.3226447919262068,0.0008916838103113489,4.082067251245858,1.253300544458588
reduced_step,reduced step model,reduced_step,,post_stat_change_effect,event,-0.044652376221911955,0.02602631240060444,-1.7156628082614938,0.08622377560943138,-4.3670132941265845,2.4889739878099126
covid_decay_rho_070,COVID decay intervention (rho=0.70),covid_decay,0.7,obs_error,variance,0.0002447210760045012,3.9568369948788324e-05,6.1847651627103515,6.21949872354432e-10,,
covid_decay_rho_070,COVID decay intervention (rho=0.70),covid_decay,0.7,level_noise,variance,7.578809850363334e-05,1.8859566581764815e-05,4.018549322173306,5.855755259169952e-05,,
covid_decay_rho_070,COVID decay intervention (rho=0.70),covid_decay,0.7,slope_noise,variance,2.339851919219991e-11,1.8790261603514908e-08,0.0012452471224681076,0.9990064368033751,,
covid_decay_rho_070,COVID decay intervention (rho=0.70),covid_decay,0.7,seasonal_noise,variance,5.594900569803678e-05,1.4504239244230757e-05,3.8574243540757367,0.0001145881256408181,,
covid_decay_rho_070,COVID decay intervention (rho=0.70),covid_decay,0.7,hike_effect,event,-0.0241569958412192,0.026183528698321308,-0.9226027599086736,0.3562142568869514,-2.3867551007398227,2.555859199156045
covid_decay_rho_070,COVID decay intervention (rho=0.70),covid_decay,0.7,covid_main_effect,event,0.03822167806194285,0.014756323816340882,2.5901897069795163,0.009592305439890206,3.896152232919824,1.5331252656208125
covid_decay_rho_070,COVID decay intervention (rho=0.70),covid_decay,0.7,covid_decay_effect,event,0.005090592939553655,0.02277943093329265,0.22347322698538702,0.8231672180382256,0.5103572022187917,2.2895687399685163
covid_decay_rho_070,COVID decay intervention (rho=0.70),covid_decay,0.7,post_stat_change_effect,event,-0.04156579158577204,0.026950039784457203,-1.5423276521374238,0.12299399260683344,-4.071377969636717,2.585280180186448
covid_decay_rho_080,COVID decay intervention (rho=0.80),covid_decay,0.8,obs_error,variance,0.0002458694424049367,3.934282589033285e-05,6.249409818458177,4.120065482466494e-10,,
covid_decay_rho_080,COVID decay intervention (rho=0.80),covid_decay,0.8,level_noise,variance,7.398450595461206e-05,1.840074285172965e-05,4.020734736133633,5.8016905647901014e-05,,
covid_decay_rho_080,COVID decay intervention (rho=0.80),covid_decay,0.8,slope_noise,variance,2.482086233162255e-11,1.7868901782593368e-08,0.001389053599018676,0.9988916959356219,,
covid_decay_rho_080,COVID decay intervention (rho=0.80),covid_decay,0.8,seasonal_noise,variance,5.600898549504601e-05,1.4550873215132367e-05,3.849183802714929,0.00011851205760052664,,
covid_decay_rho_080,COVID decay intervention (rho=0.80),covid_decay,0.8,hike_effect,event,-0.022431521940767217,0.026462833285341797,-0.8476613860237109,0.39662657687666036,-2.2181806007018503,2.5875839851010274
covid_decay_rho_080,COVID decay intervention (rho=0.80),covid_decay,0.8,covid_main_effect,event,0.03282371413168978,0.017731648478987873,1.8511372008409772,0.06414981744713408,3.3368354945783,1.8323324419208595
covid_decay_rho_080,COVID decay intervention (rho=0.80),covid_decay,0.8,covid_decay_effect,event,0.02050930860012198,0.02396641906163552,0.8557518979943256,0.3921350270738606,2.072106968324468,2.4463028901069515
covid_decay_rho_080,COVID decay intervention (rho=0.80),covid_decay,0.8,post_stat_change_effect,event,-0.04512748754209772,0.02593099647847627,-1.740291298853682,0.08180788112958576,-4.412438816749212,2.478680712429011
covid_decay_rho_090,COVID decay intervention (rho=0.90),covid_decay,0.9,obs_error,variance,0.000244708167707752,3.8932123015873915e-05,6.285507923828772,3.267834952205252e-10,,
covid_decay_rho_090,COVID decay intervention (rho=0.90),covid_decay,0.9,level_noise,variance,7.277449631484928e-05,1.8100168866387734e-05,4.020652892912647,5.803706725250476e-05,,
covid_decay_rho_090,COVID decay intervention (rho=0.90),covid_decay,0.9,slope_noise,variance,2.816819962992894e-11,1.7830735460827263e-08,0.0015797553439011128,0.9987395381255293,,
covid_decay_rho_090,COVID decay intervention (rho=0.90),covid_decay,0.9,seasonal_noise,variance,5.629630471654517e-05,1.4662771549261388e-05,3.8394040667830636,0.00012333330836691365,,
covid_decay_rho_090,COVID decay intervention (rho=0.90),covid_decay,0.9,hike_effect,event,-0.020935743483435937,0.026341254211347996,-0.7947891666607383,0.42673615376282625,-2.0718112209331854,2.579551315086275
covid_decay_rho_090,COVID decay intervention (rho=0.90),covid_decay,0.9,covid_main_effect,event,0.024787300303796438,0.0242204074421533,1.0234055873336183,0.30611611873721656,2.509705950135917,2.4828268448876183
covid_decay_rho_090,COVID decay intervention (rho=0.90),covid_decay,0.9,covid_decay_effect,event,0.03673128347722324,0.027366126679705026,1.3422171104858438,0.17952561015356638,3.7414213039696484,2.839000877337083
covid_decay_rho_090,COVID decay intervention (rho=0.90),covid_decay,0.9,post_stat_change_effect,event,-0.04322796478789342,0.026162380258821862,-1.6522947973480777,0.09847446938794395,-4.230695511137493,2.5055529611605163
covid_decay_rho_095,COVID decay intervention (rho=0.95),covid_decay,0.95,obs_error,variance,0.00024097034396646614,3.804934425745117e-05,6.333101099877093,2.402820013042975e-10,,
covid_decay_rho_095,COVID decay intervention (rho=0.95),covid_decay,0.95,level_noise,variance,7.212479163663564e-05,1.7821121183143613e-05,4.047152302900898,5.184451011222021e-05,,
covid_decay_rho_095,COVID decay intervention (rho=0.95),covid_decay,0.95,slope_noise,variance,1.3946943100431535e-11,1.8096327621554335e-08,0.0007707057140046186,0.9993850658707504,,
covid_decay_rho_095,COVID decay intervention (rho=0.95),covid_decay,0.95,seasonal_noise,variance,5.636740054048862e-05,1.4583372443213088e-05,3.8651828141933846,0.00011100602283448954,,
covid_decay_rho_095,COVID decay intervention (rho=0.95),covid_decay,0.95,hike_effect,event,-0.01909743673774714,0.025683858422588284,-0.7435579352419822,0.45714395955932796,-1.8916236015928887,2.5198016494866904
covid_decay_rho_095,COVID decay intervention (rho=0.95),covid_decay,0.95,covid_main_effect,event,0.012187679829633842,0.033532445985973824,0.36345931444225055,0.7162618001681951,1.22622522464191,3.3943629297093256
covid_decay_rho_095,COVID decay intervention (rho=0.95),covid_decay,0.95,covid_decay_effect,event,0.05367726395579073,0.03545375978480164,1.5140076618559692,0.13002389624557,5.51440141928188,3.740882241756353
covid_decay_rho_095,COVID decay intervention (rho=0.95),covid_decay,0.95,post_stat_change_effect,event,-0.04139332490662968,0.026395255427718246,-1.5682108104610963,0.11683194232582507,-4.054832051991716,2.532497215043004
covid_decay_rho_098,COVID decay intervention (rho=0.98),covid_decay,0.98,obs_error,variance,0.000244393073566577,3.8135071914924665e-05,6.408617089061541,1.4684548188901113e-10,,
covid_decay_rho_098,COVID decay intervention (rho=0.98),covid_decay,0.98,level_noise,variance,6.965284435785885e-05,1.7327310863379782e-05,4.019830019040398,5.824014656551652e-05,,
covid_decay_rho_098,COVID decay intervention (rho=0.98),covid_decay,0.98,slope_noise,variance,1.596281142133991e-11,1.7584417034420704e-08,0.0009077816677171285,0.999275695122228,,
covid_decay_rho_098,COVID decay intervention (rho=0.98),covid_decay,0.98,seasonal_noise,variance,5.693540412390881e-05,1.482221634365344e-05,3.8412206922271346,0.00012242398375607373,,
covid_decay_rho_098,COVID decay intervention (rho=0.98),covid_decay,0.98,hike_effect,event,-0.01875669702572341,0.025651692355763832,-0.7312070005201374,0.464652724834585,-1.8581884856593869,2.517503556203226
covid_decay_rho_098,COVID decay intervention (rho=0.98),covid_decay,0.98,covid_main_effect,event,-0.029506843578169916,0.05937161111792414,-0.49698573143927827,0.6191991133299124,-2.9075766977427944,5.764533598798491
covid_decay_rho_098,COVID decay intervention (rho=0.98),covid_decay,0.98,covid_decay_effect,event,0.09763728567318831,0.06176979278534752,1.5806639664873372,0.11395489151655373,10.256279724945752,6.810507551893212
covid_decay_rho_098,COVID decay intervention (rho=0.98),covid_decay,0.98,post_stat_change_effect,event,-0.04116504507660462,0.026482214253945393,-1.554441206534372,0.12007921056751625,-4.032927205238597,2.5414205830748453
